Model,Accuracy,Precision,Recall,F1-Score,ROC AUC
Random Forest,0.8260869565217391,0.8301886792452831,0.8627450980392157,0.8461538461538461,0.9082974653275945
Logistics Regression,0.8152173913043478,0.8207547169811321,0.8529411764705882,0.8365384615384616,0.897297943567671
Support Vector Machine,0.75,0.7545454545454545,0.8137254901960784,0.7830188679245284,0.7785748445719751
Decision Tree,0.7608695652173914,0.79,0.7745098039215687,0.7821782178217822,0.7592061214729795
