,Accuracy,Precision,Recall,F1-Score,ROC AUC,Best_Params,Best_CV_Score
Random Forest,0.8260869565217391,0.8737864077669902,0.8256880733944955,0.8490566037735849,0.9023853211009174,"{'max_depth': 5, 'min_samples_leaf': 1, 'min_samples_split': 5, 'n_estimators': 100}",0.8139271924986211
SVM,0.7989130434782609,0.839622641509434,0.8165137614678899,0.827906976744186,0.8774311926605505,"{'C': 0.1, 'gamma': 'scale', 'kernel': 'linear'}",0.8206839492553778
